country,date,cases,deaths,stringency
Austria       ,2020-01-01,184791.00238095238,4023.0738095238094,26.41382564285019
Austria       ,2020-02-01,188250.7142857143,2749.0,36.62438412892419
Austria       ,2020-03-01,698000.3985656484,7485.884110375906,47.227581978936705
Austria       ,2020-04-01,1096835.7270810914,10745.172938131129,58.059909529609776
Austria       ,2020-05-01,1363817.5410467638,13672.24326536257,64.10520768491025
Austria       ,2020-06-01,1455689.5207337479,14555.282563234636,66.249509256861
Austria       ,2020-07-01,1550164.158425097,15263.388837612165,69.72674218434757
Austria       ,2020-08-01,1512303.9388701757,14826.958082608397,67.95094807639707
Austria       ,2020-09-01,1342157.7341005967,13700.743025113587,63.92604573231244
Austria       ,2020-10-01,1178604.919971857,11496.94908066207,58.36333870018624
Austria       ,2020-11-01,863327.6658377296,7888.826977180931,49.229075311832176
Austria       ,2020-12-01,538980.0020417562,5466.76748951276,37.47727718097443
Austria       ,2021-01-01,355021.85714285716,3051.4285714285716,27.571397865641416
Austria       ,2021-02-01,462982.0,2901.0,25.269219310881038
Austria       ,2021-03-01,501241.16710076155,5300.275205777571,35.14535349051176
Austria       ,2021-04-01,826044.9183710668,8132.45499972323,35.29230494764578
Austria       ,2021-05-01,1145961.5559770027,11555.881121457423,48.2184868596709
Austria       ,2021-06-01,1320917.3151528325,13167.096534264943,61.1679107301874
Austria       ,2021-07-01,1497505.6456329578,14797.754111106598,68.61891917369863
Austria       ,2021-08-01,1546837.5514197054,15622.434315260769,70.26476395710601
Austria       ,2021-09-01,1444004.8767866595,14619.90934664299,69.2427107077742
Austria       ,2021-10-01,1384819.7361102726,13994.374287282051,64.41434496405377
Austria       ,2021-11-01,1137060.1636554715,11190.646211048592,57.89528451359446
Austria       ,2021-12-01,1010337.8349072884,7867.542402104991,49.06343744980822
Austria       ,2022-01-01,1583230.2857142857,1565.857142857143,38.80649508978962
Austria       ,2022-02-01,1012349.1428571428,1011.2857142857142,27.498832665125718
Austria       ,2022-03-01,176395.71428571426,166.42857142857142,20.944620867241756
Belgium       ,2020-01-01,473636.4404761905,8899.611904761905,25.22956887928316
Belgium       ,2020-02-01,208233.85714285713,11061.57142857143,35.960205805871965
Belgium       ,2020-03-01,715823.9669842435,7765.296957648803,48.756400119103866
Belgium       ,2020-04-01,1108142.4149461794,11129.375253616476,57.09396221854069
Belgium       ,2020-05-01,1354317.5120455336,13788.628199337942,61.99837633237555
Belgium       ,2020-06-01,1434358.363136806,14154.038345450817,67.69562703503706
Belgium       ,2020-07-01,1533337.4137807451,15230.134420565857,68.63122764301629
Belgium       ,2020-08-01,1501297.0112765122,15339.781701560709,68.30665761508087
Belgium       ,2020-09-01,1321514.3720763258,12876.157690009257,65.71344572292449
Belgium       ,2020-10-01,1168077.102508834,11671.23757734774,57.86276404937524
Belgium       ,2020-11-01,873741.1056706962,9131.471098386988,48.44760620430868
Belgium       ,2020-12-01,576548.400799958,5788.216936575305,38.40555043444117
Belgium       ,2021-01-01,608877.7142857143,3838.285714285714,28.423745771456932
Belgium       ,2021-02-01,658972.0,3344.0,24.388267389034493
Belgium       ,2021-03-01,568724.8665228469,4987.900183050411,36.018978337248114
Belgium       ,2021-04-01,824931.3977154521,7956.97842517136,48.1537675214335
Belgium       ,2021-05-01,1138272.0355900498,11209.480423293082,53.897278087263516
Belgium       ,2021-06-01,1322667.24374881,12721.534589214505,59.20607823858793
Belgium       ,2021-07-01,1489232.4984928693,14448.060492812976,36.18615725731142
Belgium       ,2021-08-01,1525972.2779743704,15624.052971863317,65.30401144139287
Belgium       ,2021-09-01,1458826.8076885962,14355.608552866546,69.42978715285655
Belgium       ,2021-10-01,1381177.5015149927,13524.847700075112,65.06986947493135
Belgium       ,2021-11-01,1124858.319919625,12178.91178891726,57.94787463990163
Belgium       ,2021-12-01,817863.0751726115,8330.93693181258,49.64467691627532
Belgium       ,2022-01-01,1398809.4285714286,1534.857142857143,37.757858557913885
Belgium       ,2022-02-01,527682.5714285714,1491.7142857142858,27.25048877261914
Belgium       ,2022-03-01,49566.428571428565,132.85714285714286,20.930965289943565
Bulgaria      ,2020-01-01,113198.49285714286,5300.869047619048,26.666151463007292
Bulgaria      ,2020-02-01,98925.0,2760.5714285714284,36.64399920378432
Bulgaria      ,2020-03-01,670927.4949530212,8029.724140202149,48.370724968163465
Bulgaria      ,2020-04-01,1106985.8741860748,10885.765871732627,56.89944940212368
Bulgaria      ,2020-05-01,1355629.6620424278,13367.489209234833,62.891264195913486
Bulgaria      ,2020-06-01,1441046.0032145926,14786.260141878014,69.53643673839942
Bulgaria      ,2020-07-01,1551620.6305350882,15419.998616247303,69.53183226370578
Bulgaria      ,2020-08-01,1513045.411117413,14786.167677489108,68.2462725113326
Bulgaria      ,2020-09-01,1332117.7687766147,13282.531438831222,63.92662334276092
Bulgaria      ,2020-10-01,1157533.7252180502,11578.632251323907,56.633713307006175
Bulgaria      ,2020-11-01,851183.8579366843,8665.061642170598,49.64728760899531
Bulgaria      ,2020-12-01,532649.2089623034,5673.020577389275,39.8026875746391
Bulgaria      ,2021-01-01,295161.4285714286,10711.42857142857,26.59874300157204
Bulgaria      ,2021-02-01,180608.0,9414.0,25.962875434335412
Bulgaria      ,2021-03-01,468305.5726843,6658.479272732311,35.748413219005144
Bulgaria      ,2021-04-01,826791.9251045886,7664.723356937422,45.90200381499059
Bulgaria      ,2021-05-01,1135022.0032335082,11163.185033928517,54.9073505243193
Bulgaria      ,2021-06-01,1318371.3201690728,13077.197605801523,65.17716045964421
Bulgaria      ,2021-07-01,1485433.9301971758,15094.924916292119,68.83145661025995
Bulgaria      ,2021-08-01,1538157.5343514953,15913.22400322661,59.7556214937171
Bulgaria      ,2021-09-01,1462466.6771716266,14401.46616494357,48.191044639426174
Bulgaria      ,2021-10-01,1378202.1186346596,14078.53488740606,64.61072637446526
Bulgaria      ,2021-11-01,1109908.9994171145,11149.675692040923,59.06791483914432
Bulgaria      ,2021-12-01,789360.5303714726,8149.627847911154,46.42289270558106
Bulgaria      ,2022-01-01,239605.7142857143,3042.4285714285716,39.52612567624873
Bulgaria      ,2022-02-01,156483.0,2573.1428571428573,27.722487504643816
Bulgaria      ,2022-03-01,10977.857142857141,308.57142857142856,22.220863370985338
Croatia       ,2020-01-01,142460.83095238096,3061.0880952380953,25.748681683538166
Croatia       ,2020-02-01,85616.28571428571,1284.857142857143,37.43857146205788
Croatia       ,2020-03-01,711740.9114457362,7348.281053602684,46.69120724552783
Croatia       ,2020-04-01,1094178.5366652259,11197.932856206842,58.29842424487526
Croatia       ,2020-05-01,1368372.8399903753,13431.910630088329,64.16374226041448
Croatia       ,2020-06-01,1456413.7783379029,14162.045368104742,68.68710280181128
Croatia       ,2020-07-01,1563471.7497361167,15019.509801967877,67.89119016239628
Croatia       ,2020-08-01,1495800.5962966087,15073.200300519675,67.89455756523695
Croatia       ,2020-09-01,1328658.349680273,13311.691481962236,62.96724469872077
Croatia       ,2020-10-01,1177759.630417903,11735.380149335957,57.09398368889997
Croatia       ,2020-11-01,851642.7164358553,8366.044886653344,47.431599764177896
Croatia       ,2020-12-01,553469.7882418575,5547.906334419718,37.93220368177119
Croatia       ,2021-01-01,221580.57142857142,3599.0,27.10849045816456
Croatia       ,2021-02-01,221357.0,3712.0,25.979345644235142
Croatia       ,2021-03-01,473482.9706538831,5043.529505316257,38.02838081454114
Croatia       ,2021-04-01,821850.3806156162,8258.20399041617,46.35195262846394
Croatia       ,2021-05-01,1135270.677381456,11288.09963416416,57.641715744685385
Croatia       ,2021-06-01,1291431.6473468977,12881.014360844003,65.16186129600477
Croatia       ,2021-07-01,1490546.7160946226,15375.19230870638,68.51690214691912
Croatia       ,2021-08-01,1535811.9805395694,15596.153470506943,69.82543803674854
Croatia       ,2021-09-01,1467062.1199123084,14324.339633615395,67.94263834803708
Croatia       ,2021-10-01,1386201.3456337664,13655.669467347383,56.858674782494745
Croatia       ,2021-11-01,1136776.0381329989,11305.3656056981,49.38682931282077
Croatia       ,2021-12-01,779084.6222555664,7803.655545705084,50.590276530896766
Croatia       ,2022-01-01,267062.0,1673.7142857142858,38.0472149858311
Croatia       ,2022-02-01,131897.2857142857,1429.7142857142858,28.116220945223308
Croatia       ,2022-03-01,9242.857142857143,161.42857142857142,22.546230259694102
Cyprus        ,2020-01-01,19334.147619047617,128.81190476190477,26.75192698030447
Cyprus        ,2020-02-01,6716.571428571428,46.42857142857142,36.77301257729356
Cyprus        ,2020-03-01,674110.6847646257,6849.759424321795,48.77438301197706
Cyprus        ,2020-04-01,1112136.3348036623,11282.618626502946,56.33209471209355
Cyprus        ,2020-05-01,1360400.3054684994,13652.595506363092,63.83969027282554
Cyprus        ,2020-06-01,1460516.885301932,13964.970250283612,67.09266140806342
Cyprus        ,2020-07-01,1532688.4767906247,15380.133811196527,69.99504411846961
Cyprus        ,2020-08-01,1493328.8196483755,14786.751358443338,70.18586053488492
Cyprus        ,2020-09-01,1349059.8592271288,13733.554950421285,64.72221917761232
Cyprus        ,2020-10-01,1164969.8301085904,11487.491162497055,59.12108439241517
Cyprus        ,2020-11-01,861516.8468862629,8905.187230523647,48.38617525917872
Cyprus        ,2020-12-01,509966.17729799537,5363.7322159141795,37.296851378361424
Cyprus        ,2021-01-01,67723.0,321.2857142857143,27.93057425371823
Cyprus        ,2021-02-01,56217.0,197.0,24.556869151684733
Cyprus        ,2021-03-01,418245.9233135393,4815.522445231879,36.42547162740863
Cyprus        ,2021-04-01,826813.341856871,7884.1377006600105,47.7994855684956
Cyprus        ,2021-05-01,1122074.1988377422,10917.438678120569,56.89693807926483
Cyprus        ,2021-06-01,1313323.9276532608,13594.032672315156,63.33954667347048
Cyprus        ,2021-07-01,1488525.5724610647,15046.882829269529,68.1642873314255
Cyprus        ,2021-08-01,1541523.7153527744,15358.319768150557,69.767034100019
Cyprus        ,2021-09-01,1473203.6484354632,14970.841811241511,67.96281476539133
Cyprus        ,2021-10-01,1367737.7463524383,13984.32791798138,64.7677738842222
Cyprus        ,2021-11-01,1147522.3134482964,11285.473024352963,55.71904394263219
Cyprus        ,2021-12-01,793075.1864154194,7759.487369796381,45.24974070649263
Cyprus        ,2022-01-01,225967.7142857143,205.28571428571428,38.99787301688065
Cyprus        ,2022-02-01,93204.57142857142,186.2857142857143,27.559368085509153
Cyprus        ,2022-03-01,15623.57142857143,30.0,21.465031580489683
Denmark       ,2020-01-01,83318.86428571428,905.6642857142857,26.48776496630437
Denmark       ,2020-02-01,37645.857142857145,148.42857142857142,35.877329554134455
Denmark       ,2020-03-01,699272.406753783,6880.162380990939,47.485057162530886
Denmark       ,2020-04-01,1111800.8644655677,11185.654900852853,58.028355995988505
Denmark       ,2020-05-01,1363162.8025827992,13460.186719863254,64.99642299889629
Denmark       ,2020-06-01,1443818.489658372,14660.315328903,66.88503019969673
Denmark       ,2020-07-01,1563513.4272747673,15698.592877610114,70.54476216526811
Denmark       ,2020-08-01,1502755.5035726235,15563.388548791576,68.13116290527063
Denmark       ,2020-09-01,1330111.745352374,13706.873569390315,63.15344561422683
Denmark       ,2020-10-01,1157030.1935034678,11581.505671932422,59.099234074820934
Denmark       ,2020-11-01,854279.2641044479,8302.711297829834,38.84636756525545
Denmark       ,2020-12-01,563471.3204757416,5371.121612930503,40.254751949691446
Denmark       ,2021-01-01,365739.5714285714,1087.857142857143,26.216759686310976
Denmark       ,2021-02-01,169265.0,574.0,26.355532099854354
Denmark       ,2021-03-01,490137.1656103959,3865.6277836156305,34.65534867813366
Denmark       ,2021-04-01,815982.624681294,7868.9483669287165,47.7421862825054
Denmark       ,2021-05-01,1138131.66378375,11588.834724998727,56.89453303428649
Denmark       ,2021-06-01,1297451.8563545595,13120.996350233629,62.83121659747257
Denmark       ,2021-07-01,1492101.7572670912,14967.593148288093,67.86063744415637
Denmark       ,2021-08-01,1553093.494292539,15092.3766555777,69.76590595785106
Denmark       ,2021-09-01,1449558.6587552417,14448.76768872263,68.63867441707306
Denmark       ,2021-10-01,1375820.0008689084,13669.434174312517,63.53921158507351
Denmark       ,2021-11-01,1122574.102396607,11806.897892820907,58.02596969622528
Denmark       ,2021-12-01,850977.1593574091,8052.269188851506,47.93381604896621
Denmark       ,2022-01-01,1031814.2857142857,1385.0,39.91470340966907
Denmark       ,2022-02-01,865119.5714285714,1184.142857142857,26.90709904515951
Denmark       ,2022-03-01,77775.0,206.42857142857142,21.329365923445643
Estonia       ,2020-01-01,28353.42142857143,258.8,26.83667140596791
Estonia       ,2020-02-01,8480.42857142857,79.14285714285714,38.78897261588734
Estonia       ,2020-03-01,676022.467446166,6621.62530963173,48.73705670608603
Estonia       ,2020-04-01,1115519.5806438455,11172.970838128147,58.10152367382718
Estonia       ,2020-05-01,1380962.133145071,13571.66270090395,63.57176793899631
Estonia       ,2020-06-01,1441559.7828732692,14382.697141893761,69.07715538582737
Estonia       ,2020-07-01,1539758.2256497932,15564.98933223213,69.37974059823325
Estonia       ,2020-08-01,1490013.197076635,15076.218991000738,67.7205122246283
Estonia       ,2020-09-01,1320998.4621760107,12942.348331191351,62.372293927360964
Estonia       ,2020-10-01,1172483.3326207872,11869.932157496476,57.404397670474545
Estonia       ,2020-11-01,870419.6365433772,8453.956687972372,49.066118417576284
Estonia       ,2020-12-01,536365.4066266802,4894.634326724611,36.0847776994311
Estonia       ,2021-01-01,99095.28571428571,702.1428571428571,28.124292425492644
Estonia       ,2021-02-01,65620.0,607.0,30.837050791482454
Estonia       ,2021-03-01,427045.25020578195,4604.365725877208,36.4141367118052
Estonia       ,2021-04-01,810811.0233467632,8018.45369006093,46.88478781604195
Estonia       ,2021-05-01,1163839.7439005824,10983.220159630933,55.38957311706386
Estonia       ,2021-06-01,1303671.4399572317,13013.673150249964,64.44926908377906
Estonia       ,2021-07-01,1502220.6470433893,14445.24394036679,68.70646134564171
Estonia       ,2021-08-01,1558516.9169165057,15344.756704454412,71.4480105683414
Estonia       ,2021-09-01,1456503.3265053828,14273.070388275743,68.32289535701415
Estonia       ,2021-10-01,1374194.8233666786,14156.101771805781,65.29765293619676
Estonia       ,2021-11-01,1146459.010144773,11735.505347922017,60.513268196237846
Estonia       ,2021-12-01,791415.8657453099,7699.053163030178,48.54967415048404
Estonia       ,2022-01-01,136066.42857142858,262.7142857142857,39.4547569034416
Estonia       ,2022-02-01,162618.0,248.14285714285717,28.65222394486957
Estonia       ,2022-03-01,17031.428571428572,44.28571428571429,21.263801296512447
Finland       ,2020-01-01,26130.897619047617,313.0,26.531734474230266
Finland       ,2020-02-01,13444.714285714286,296.42857142857144,36.62605634880452
Finland       ,2020-03-01,686107.0788165204,6803.800382531709,46.99851597787554
Finland       ,2020-04-01,1106173.4182618768,11022.960204486437,56.380608638364166
Finland       ,2020-05-01,1373462.916995008,13361.631533987003,64.95474969098393
Finland       ,2020-06-01,1450625.7026963735,14343.421574113592,68.37655352088994
Finland       ,2020-07-01,1536646.1052093625,15275.310670318238,70.2838338516184
Finland       ,2020-08-01,1513909.711515803,14642.99660158003,68.86659585751386
Finland       ,2020-09-01,1319647.2989163394,13333.435195154269,64.60909845077755
Finland       ,2020-10-01,1147048.039505512,11549.722146177786,56.20090156017308
Finland       ,2020-11-01,854661.0282558632,8786.196709495758,49.61647691300197
Finland       ,2020-12-01,515736.20251710166,4706.3364685710285,38.56687639202486
Finland       ,2021-01-01,140299.2857142857,574.4285714285714,27.104003389131467
Finland       ,2021-02-01,69452.0,403.0,28.043700715436138
Finland       ,2021-03-01,455406.23764368746,4418.511923740785,35.18112085958723
Finland       ,2021-04-01,821688.0881232421,8042.264531214315,45.758673012799726
Finland       ,2021-05-01,1132044.3502570775,11264.952598967839,56.34673781277851
Finland       ,2021-06-01,1324415.9827022231,13328.041566727292,63.447782442013995
Finland       ,2021-07-01,1498205.7786533672,15418.205403634733,67.15648565815484
Finland       ,2021-08-01,1539679.5735883496,15256.837969807528,70.11309557044355
Finland       ,2021-09-01,1433641.4542996145,14722.408163434971,67.92292492471252
Finland       ,2021-10-01,1371264.7277444303,13853.739238601504,63.94379278111962
Finland       ,2021-11-01,1170808.4267771991,11628.36255188482,57.65673765004508
Finland       ,2021-12-01,843229.8823790278,8384.148857271677,49.08912819441841
Finland       ,2022-01-01,465766.14285714284,1529.0,36.946743062518706
Finland       ,2022-02-01,269410.14285714284,1050.7142857142858,26.375056784615108
Finland       ,2022-03-01,39802.857142857145,157.85714285714286,25.054459639855388
France        ,2020-01-01,1660547.119047619,38813.2438095238,27.33273357197372
France        ,2020-02-01,1075392.5714285714,29907.605714285695,37.651242761540686
France        ,2020-03-01,847621.1678057179,14335.260431655126,44.175787118344495
France        ,2020-04-01,1123151.370794581,10966.56045096908,56.243759214157535
France        ,2020-05-01,1370570.3185861513,13699.487450435347,63.94301446989477
France        ,2020-06-01,1454871.5433548277,14192.451085381732,68.45641377521198
France        ,2020-07-01,1533858.1432603705,15635.311286166343,69.21558574351059
France        ,2020-08-01,1484558.2160763957,15071.002074547723,68.14427491468238
France        ,2020-09-01,1316261.2928725926,12851.018192938383,65.59956508789195
France        ,2020-10-01,1153184.9837868388,11723.201673400757,57.75686660736555
France        ,2020-11-01,850708.6242573588,8611.46792270244,49.19150512156386
France        ,2020-12-01,957566.5189625924,7707.415129977447,36.50003308634751
France        ,2021-01-01,3440793.9314285666,30712.6457142857,27.340165081718368
France        ,2021-02-01,2184509.0,24482.0,27.28504020280255
France        ,2021-03-01,1146811.3860407902,9253.449539379877,36.05691499028151
France        ,2021-04-01,822689.6428426966,8125.710474766821,46.698651215446276
France        ,2021-05-01,1140036.7056168928,11388.820384808778,49.88000577081433
France        ,2021-06-01,1312489.9590338995,13274.283973665293,64.09873861304364
France        ,2021-07-01,1483018.3772892612,15478.014781537007,66.14599682829434
France        ,2021-08-01,1529332.5600980408,15653.440248777039,70.62715292960739
France        ,2021-09-01,1452189.9986850459,14557.62216747754,69.42865846972809
France        ,2021-10-01,1395798.8773788435,14179.101288640328,64.7473297471751
France        ,2021-11-01,1150971.914274469,11505.307526661512,57.83818568316147
France        ,2021-12-01,1204388.5837265109,8434.13739343536,49.26098295095854
France        ,2022-01-01,4275336.531428562,12034.142857142857,37.87802176730993
France        ,2022-02-01,3605597.228571422,10950.0,28.05718503154254
France        ,2022-03-01,425003.5714285715,1282.1428571428573,21.314698747970613
Germany       ,2020-01-01,1260734.3023809523,33448.93571428571,25.510304003992967
Germany       ,2020-02-01,646101.1428571428,13770.714285714286,36.50860858105981
Germany       ,2020-03-01,854195.1602892028,11379.496921483069,44.31368918986849
Germany       ,2020-04-01,1271533.884980438,13256.085580861314,46.11377566901042
Germany       ,2020-05-01,1378462.9314044565,13656.220434099085,60.86529325590014
Germany       ,2020-06-01,1467334.4552383584,14461.313173451419,69.16356912870263
Germany       ,2020-07-01,1526501.2407405667,15703.070410074168,71.49305212651667
Germany       ,2020-08-01,1498830.622248904,15101.547846904696,67.81428685941556
Germany       ,2020-09-01,1330421.631049244,13065.348870428394,64.3436385247405
Germany       ,2020-10-01,1127353.9328186922,11916.79574968855,56.873563578314446
Germany       ,2020-11-01,826416.8642521226,7889.471815148273,48.450733301173756
Germany       ,2020-12-01,746723.9706567774,7508.380831764076,35.84339674450218
Germany       ,2021-01-01,2198485.714285714,31089.765714285695,26.194044407040316
Germany       ,2021-02-01,2436708.0,26838.0,26.399997835273208
Germany       ,2021-03-01,980618.976288852,9905.557356120067,38.51647886347279
Germany       ,2021-04-01,841782.1674013843,8250.559054619154,48.27162715896513
Germany       ,2021-05-01,1144803.0372876474,11651.558129144836,58.479176026778475
Germany       ,2021-06-01,1317220.9097164513,13146.6195425704,64.3501462550597
Germany       ,2021-07-01,1488774.7154924916,14716.239891225261,67.70044470937249
Germany       ,2021-08-01,1544888.442944996,15582.38757370712,68.79953286958734
Germany       ,2021-09-01,1464073.3822047464,14149.303184485609,67.95400170290647
Germany       ,2021-10-01,1366575.2923614117,14277.270786160021,64.3948434562439
Germany       ,2021-11-01,1124047.80144867,11299.708663217318,58.359318481854714
Germany       ,2021-12-01,1477626.4802541267,9055.520125810284,48.266706253946346
Germany       ,2022-01-01,4380967.2971428465,11829.0,37.27410884635293
Germany       ,2022-02-01,3957002.7199999904,9126.142857142857,28.567767013790817
Germany       ,2022-03-01,706607.628571427,1459.2857142857142,22.9013363747276
Greece        ,2020-01-01,70360.72380952381,3292.3285714285716,27.36192177444049
Greece        ,2020-02-01,74278.42857142857,1906.4285714285713,37.207666056715205
Greece        ,2020-03-01,698496.0019043888,7595.15747925231,49.24519205702442
Greece        ,2020-04-01,1096847.1919710415,10823.227265280693,51.7881038202809
Greece        ,2020-05-01,1354353.846801667,13363.798715826759,53.08493085349339
Greece        ,2020-06-01,1418511.855843303,14207.133108589534,51.14077858133627
Greece        ,2020-07-01,1551609.4193354524,15305.96875565829,68.97625463540138
Greece        ,2020-08-01,1503055.4853888436,14777.464597471115,68.9227966084908
Greece        ,2020-09-01,1331657.5903089184,13296.27371635104,64.80008462966565
Greece        ,2020-10-01,1159921.641196137,11490.483728363237,58.589633581090794
Greece        ,2020-11-01,887714.3991078496,8918.333006351832,50.78616535552441
Greece        ,2020-12-01,586834.2108727696,6118.168873019946,37.39207124324751
Greece        ,2021-01-01,605360.2857142857,7050.428571428572,27.548047387441482
Greece        ,2021-02-01,384168.0,6454.0,26.36667742701536
Greece        ,2021-03-01,536046.5791507424,6228.649185642131,35.68478923756901
Greece        ,2021-04-01,826289.355915594,7679.538768211318,47.02702651574831
Greece        ,2021-05-01,1133062.797909337,11597.291095910763,55.861196175809845
Greece        ,2021-06-01,1296535.6346976324,13120.005267161088,62.358958121643624
Greece        ,2021-07-01,1495331.0769748488,14938.743319962772,68.93994712626258
Greece        ,2021-08-01,1556358.78303659,15497.934594492257,70.19979536302309
Greece        ,2021-09-01,1458575.7261390607,14662.852491841173,68.10413674612168
Greece        ,2021-10-01,1377552.0974902285,13780.970028270542,64.94697120849432
Greece        ,2021-11-01,1132075.2461572858,11503.573777848855,56.9543280608997
Greece        ,2021-12-01,882288.0293324605,8316.396629854997,50.18215361904553
Greece        ,2022-01-01,1338119.5714285714,4719.0,38.57784943274587
Greece        ,2022-02-01,654748.0,3453.285714285714,26.217096177620643
Greece        ,2022-03-01,96017.14285714287,395.71428571428567,23.65349429564662
Hungary       ,2020-01-01,188234.64047619049,7872.928571428572,26.561632679605857
Hungary       ,2020-02-01,150230.14285714287,3379.5714285714284,38.66479613641213
Hungary       ,2020-03-01,719683.6483929354,8355.555132905121,46.61815261671036
Hungary       ,2020-04-01,1110725.267184134,10931.263276742615,59.38017334161507
Hungary       ,2020-05-01,1348310.8595700515,13820.539729165437,64.48012546504052
Hungary       ,2020-06-01,1442889.6612204327,14802.354413292978,62.76352850549622
Hungary       ,2020-07-01,1551180.1048681715,15670.995236860152,61.23041545148543
Hungary       ,2020-08-01,1476372.6829265514,14851.418671340787,53.91422589421563
Hungary       ,2020-09-01,1343735.5755113969,13448.321827936821,65.89844249073728
Hungary       ,2020-10-01,1158670.299957309,11758.276911747467,58.663177973786844
Hungary       ,2020-11-01,879148.8843207408,8929.325342116448,49.798994034978705
Hungary       ,2020-12-01,562852.231180476,6538.1678929772725,38.390708911603525
Hungary       ,2021-01-01,403373.5714285714,13708.285714285714,27.43581924957159
Hungary       ,2021-02-01,389268.0,10321.0,26.810421188644693
Hungary       ,2021-03-01,509616.062517798,6615.251447490009,36.91316764010728
Hungary       ,2021-04-01,830153.805339684,8385.322883217743,48.21675615531045
Hungary       ,2021-05-01,1128326.8606858065,11518.242524978796,56.86697088082044
Hungary       ,2021-06-01,1310131.7099148023,12961.586005380464,63.95319923947789
Hungary       ,2021-07-01,1472884.8864593834,14552.693337482488,67.21473226961353
Hungary       ,2021-08-01,1522182.9284789031,15508.777729880623,68.98802625140421
Hungary       ,2021-09-01,1453779.4417898713,14595.92921861863,66.7242728452235
Hungary       ,2021-10-01,1397711.007327749,13674.918042290436,64.61696493775386
Hungary       ,2021-11-01,1142781.4449540859,11233.573406799935,57.55470029178594
Hungary       ,2021-12-01,786268.1218751647,8039.415946220424,48.35344192676757
Hungary       ,2022-01-01,370692.5714285714,2961.1428571428573,39.40057179909929
Hungary       ,2022-02-01,259198.85714285716,3070.0,27.366260084993392
Hungary       ,2022-03-01,16502.14285714286,380.71428571428567,21.692994702662077
Iceland       ,2020-01-01,4874.892857142857,14.045238095238096,26.299286414377335
Iceland       ,2020-02-01,1239.5714285714287,1372.7031361705929,37.68487228060285
Iceland       ,2020-03-01,656116.0957706091,7246.487050280595,49.18900201904812
Iceland       ,2020-04-01,1102370.1922061872,11255.299067442707,57.112035626603706
Iceland       ,2020-05-01,1375801.1121439808,13557.848742917227,63.509866396577785
Iceland       ,2020-06-01,1461823.6511461022,14312.923932352176,68.53762858029808
Iceland       ,2020-07-01,1569303.5713429104,15439.328801806543,69.01569307441714
Iceland       ,2020-08-01,1491977.5337664399,15244.649725722957,68.74280933919181
Iceland       ,2020-09-01,1341547.0029890619,12919.856156742951,63.00055133198353
Iceland       ,2020-10-01,1179556.4434801997,11570.795712906007,55.86278853763251
Iceland       ,2020-11-01,871041.1649179365,9463.523716441168,43.16223106146412
Iceland       ,2020-12-01,501942.98306830286,5098.123314198567,35.67541006038186
Iceland       ,2021-01-01,16621.0,337.5075324154833,25.242691378751875
Iceland       ,2021-02-01,5510.0,1017.7040026846602,25.756620030221963
Iceland       ,2021-03-01,429980.732608373,4201.1751344969425,37.094779939329385
Iceland       ,2021-04-01,826870.9360007892,8450.064711703077,47.77145832621324
Iceland       ,2021-05-01,1128529.6962320984,11133.04859912467,55.92237094236795
Iceland       ,2021-06-01,1315501.3232796425,12880.92752931045,62.98984069494127
Iceland       ,2021-07-01,1488932.9487529828,15020.421555366938,67.78159234221114
Iceland       ,2021-08-01,1555579.6895808182,15423.932505857452,68.80462191451163
Iceland       ,2021-09-01,1472833.0103228881,14690.550771442146,68.76730534608915
Iceland       ,2021-10-01,1390567.2823202924,13884.798294257322,63.33264476138496
Iceland       ,2021-11-01,1130788.2705681755,11232.996977034598,55.87905182768069
Iceland       ,2021-12-01,781096.6567235406,8440.65862175617,48.960408363382705
Iceland       ,2022-01-01,72585.42857142857,41.285714285714285,38.85004021830591
Iceland       ,2022-02-01,58601.28571428571,23.57142857142857,28.554090960990546
Iceland       ,2022-03-01,12623.57142857143,5.7142857142857135,21.599850806089144
Ireland       ,2020-01-01,78882.75952380952,899.4380952380952,25.955129937061525
Ireland       ,2020-02-01,32760.571428571428,1187.2857142857142,37.28836295285222
Ireland       ,2020-03-01,677596.8899823168,7289.144667443568,48.049628111867804
Ireland       ,2020-04-01,1088523.008954972,11022.270247065619,55.27135965239471
Ireland       ,2020-05-01,1360924.3963149688,13913.52311336131,65.0250387518453
Ireland       ,2020-06-01,1449729.673311809,14371.962076565687,66.96372547441395
Ireland       ,2020-07-01,1546163.8407301195,15808.047707627207,66.99170466237288
Ireland       ,2020-08-01,1496047.9050275015,15339.391013161703,68.50473391374861
Ireland       ,2020-09-01,1330451.881456843,13573.818415326507,64.3076633571522
Ireland       ,2020-10-01,1177406.7503519277,11047.163385675387,57.8485172360609
Ireland       ,2020-11-01,853634.3399399046,8074.379685683165,48.40326463414343
Ireland       ,2020-12-01,536792.6468563795,4917.506923084836,37.17107117106872
Ireland       ,2021-01-01,364455.0,1949.857142857143,29.81439249313542
Ireland       ,2021-02-01,211609.0,1313.0,30.794156633908614
Ireland       ,2021-03-01,477638.4425617121,4585.454117803337,36.45918108282175
Ireland       ,2021-04-01,796215.0285314636,8340.998463358032,47.630215584643594
Ireland       ,2021-05-01,1121865.203805907,11391.81006995286,54.853887795334074
Ireland       ,2021-06-01,1305851.6441895328,12686.870763742267,64.51630463504907
Ireland       ,2021-07-01,1494999.9055491523,15570.0634039543,68.50773787501274
Ireland       ,2021-08-01,1549080.1267580017,15654.054218608935,69.2665008732391
Ireland       ,2021-09-01,1465210.585457805,15106.681863715017,70.4395687020643
Ireland       ,2021-10-01,1381582.544812769,13859.809615210223,63.93933089057732
Ireland       ,2021-11-01,1152209.6510504428,11330.66824885804,60.760706030067546
Ireland       ,2021-12-01,802536.4976726878,7528.477957096562,49.461760996478986
Ireland       ,2022-01-01,572490.7142857143,405.42857142857144,38.67900976655477
Ireland       ,2022-02-01,156695.85714285713,219.0,28.161858939665326
Ireland       ,2022-03-01,19059.285714285714,22.142857142857146,22.557872889040755
Italy         ,2020-01-01,1229050.438095238,43072.98904761903,26.860956500050644
Italy         ,2020-02-01,1030215.0,29911.925714285695,37.9451794400496
Italy         ,2020-03-01,863501.9222942702,14215.182843121307,46.63872450007533
Italy         ,2020-04-01,1111972.2082481075,11047.555869826021,57.041609158077044
Italy         ,2020-05-01,1367380.7574842568,13281.992698096308,64.05233400615924
Italy         ,2020-06-01,1416446.662842432,14937.433687743323,68.65768228487028
Italy         ,2020-07-01,1569676.8204675512,15192.201043341016,69.45834583339236
Italy         ,2020-08-01,1489585.8531141095,15081.84523254625,68.7768992484682
Italy         ,2020-09-01,1325858.3942476604,13445.047786824596,64.6752769064663
Italy         ,2020-10-01,1161153.1826231861,12401.825074127562,58.52742361146249
Italy         ,2020-11-01,870892.5359636382,8604.896098771398,47.718118859752764
Italy         ,2020-12-01,754891.513961097,7720.462135797554,39.23824181832638
Italy         ,2021-01-01,2403311.679999998,30139.954285714277,26.203644901017032
Italy         ,2021-02-01,1189964.0,20674.0,26.589588141990074
Italy         ,2021-03-01,795689.7712827865,9100.506649484385,36.370359900275204
Italy         ,2021-04-01,819866.3244143157,7617.724293389148,38.54076856038171
Italy         ,2021-05-01,1127272.7789673281,11363.37835402114,53.207280181070566
Italy         ,2021-06-01,1335500.5831669655,13218.79018961797,63.36699121180672
Italy         ,2021-07-01,1474003.5285146972,15124.133043003885,67.31674887654265
Italy         ,2021-08-01,1537161.8483874926,15305.204240578309,68.78118914804841
Italy         ,2021-09-01,1454014.4676898024,14524.585081534573,70.30927240154764
Italy         ,2021-10-01,1377597.2860261144,13773.030445247827,63.6586875452324
Italy         ,2021-11-01,1128745.4526255196,11749.20903396719,59.058265345964635
Italy         ,2021-12-01,1169123.6556010556,9045.279262098738,49.13699335067785
Italy         ,2022-01-01,4256247.674285704,15117.714285714284,36.907550506383124
Italy         ,2022-02-01,3119493.439999998,11510.57142857143,27.592275657602894
Italy         ,2022-03-01,379071.4285714285,1392.8571428571427,20.64836126151199
Latvia        ,2020-01-01,33901.7619047619,657.2428571428571,27.776280753229635
Latvia        ,2020-02-01,11351.285714285714,171.42857142857144,37.47168448315927
Latvia        ,2020-03-01,683438.7801820346,6393.227786513145,47.66295586869716
Latvia        ,2020-04-01,1104697.5607724804,10959.169542751823,57.37943936212335
Latvia        ,2020-05-01,1359234.9103212573,13216.781558560982,63.1706357282078
Latvia        ,2020-06-01,1451428.6052223213,14740.67947395342,68.02766344003562
Latvia        ,2020-07-01,1566342.6849177321,15415.614362489729,70.40666018140323
Latvia        ,2020-08-01,1511302.1228598966,15416.798608409714,68.63391119217704
Latvia        ,2020-09-01,1337142.3914818133,13705.897683223378,62.97156804765729
Latvia        ,2020-10-01,1198075.5686691822,11483.920569839926,58.53843750107957
Latvia        ,2020-11-01,871298.0345745472,8547.317958673131,47.39354862925216
Latvia        ,2020-12-01,513184.9988355741,4724.760526701087,38.42689548799089
Latvia        ,2021-01-01,126569.0,2170.8571428571427,27.14544509337115
Latvia        ,2021-02-01,75621.0,1529.0,26.928720054948368
Latvia        ,2021-03-01,443571.6816277219,4242.547754864705,38.80024857188286
Latvia        ,2021-04-01,836493.22295162,8464.075450044684,48.48434017385406
Latvia        ,2021-05-01,1131303.9203065506,11775.88754158458,50.53838983861208
Latvia        ,2021-06-01,1321677.4403370225,12994.480019947865,52.193736855425385
Latvia        ,2021-07-01,1482416.8461996121,15274.78167856407,62.803321862392835
Latvia        ,2021-08-01,1547003.3671467798,15576.184016393223,70.25872563231287
Latvia        ,2021-09-01,1461132.0262192702,14305.836963173215,69.48207439531046
Latvia        ,2021-10-01,1388565.356899216,13949.043168836924,65.53758179947386
Latvia        ,2021-11-01,1136362.3396323062,11792.254811926294,58.056556883250366
Latvia        ,2021-12-01,814439.5455450864,7424.222123279165,49.5567728709838
Latvia        ,2022-01-01,203243.7142857143,783.7142857142857,38.01043519073786
Latvia        ,2022-02-01,272127.28571428574,590.0,27.98396224764704
Latvia        ,2022-03-01,38192.142857142855,94.28571428571429,23.459754395729387
Liechtenstein ,2020-01-01,1634.9952380952382,28.495238095238093,26.804584433653883
Liechtenstein ,2020-02-01,731.7142857142858,14.285714285714285,38.362201517873366
Liechtenstein ,2020-03-01,669481.9520993871,6077.4023614328635,48.119886772125746
Liechtenstein ,2020-04-01,1123430.9971382439,11046.711527321568,56.425566459725744
Liechtenstein ,2020-05-01,1354613.8198017392,14030.388154207765,64.28720134087584
Liechtenstein ,2020-06-01,1465528.680434397,14543.931238609148,68.80541634355242
Liechtenstein ,2020-07-01,1545798.8335804904,14912.714046684601,70.41527614488213
Liechtenstein ,2020-08-01,1511184.999746434,15396.708559047745,70.4212182106934
Liechtenstein ,2020-09-01,1339957.1420549885,13399.348063265874,64.93180026962953
Liechtenstein ,2020-10-01,1175276.7608534927,11720.640892965734,58.3102492885289
Liechtenstein ,2020-11-01,858177.2073896956,8796.935927518121,49.52767130285031
Liechtenstein ,2020-12-01,500828.9446407352,5052.003327544516,37.985462787121975
Liechtenstein ,2021-01-01,1536.5714285714287,225.73175122548255,26.984128842443116
Liechtenstein ,2021-02-01,1793.0,7.0,25.859238591191165
Liechtenstein ,2021-03-01,439321.6466290775,4577.509564532752,36.09372797303958
Liechtenstein ,2021-04-01,833113.1667497123,8191.085640899855,49.2172136818703
Liechtenstein ,2021-05-01,1147296.3626995666,11264.510508241536,57.42358425193047
Liechtenstein ,2021-06-01,1311600.3984420665,13080.87783406751,65.43745701896046
Liechtenstein ,2021-07-01,1465195.175593245,14947.603944626246,63.38217551912356
Liechtenstein ,2021-08-01,1540413.8850342822,15639.212358532446,58.36299012830578
Liechtenstein ,2021-09-01,1455153.933459611,14444.769873189305,68.17218311155213
Liechtenstein ,2021-10-01,1388177.3662651354,13868.025225537343,66.12887207668629
Liechtenstein ,2021-11-01,1128554.752991971,10926.99693277891,56.241575497754035
Liechtenstein ,2021-12-01,779815.7197603381,8856.744022669633,48.970716844915984
Liechtenstein ,2022-01-01,5920.714285714286,1826.1969216055604,37.713027566411995
Liechtenstein ,2022-02-01,3484.4285714285716,696.5420663349188,26.50736628978159
Liechtenstein ,2022-03-01,900.0,0.7142857142857142,20.75415811708667
Lithuania     ,2020-01-01,115565.63333333333,1972.25,28.05473028008503
Lithuania     ,2020-02-01,45990.71428571428,748.5714285714286,38.74382667167268
Lithuania     ,2020-03-01,689249.4861591056,7169.687802630778,47.280229338617616
Lithuania     ,2020-04-01,1079794.109401832,11423.45251556356,57.61716612505252
Lithuania     ,2020-05-01,1370404.6333098304,13251.396628991259,64.12079563397909
Lithuania     ,2020-06-01,1444159.8151082273,14659.354679601996,67.83656470265986
Lithuania     ,2020-07-01,1540008.9438641088,15638.517887232594,69.39276227111714
Lithuania     ,2020-08-01,1513631.1664539315,15092.064962938213,67.63768226299483
Lithuania     ,2020-09-01,1324563.747163197,13228.014856058413,65.72802017299543
Lithuania     ,2020-10-01,1165850.8571847847,11605.263100134944,56.402034835344104
Lithuania     ,2020-11-01,851128.9466061869,8352.15383035418,49.47937852806496
Lithuania     ,2020-12-01,528798.801000322,5039.291793006478,38.638262181964144
Lithuania     ,2021-01-01,203849.2857142857,2702.0,27.435589602072437
Lithuania     ,2021-02-01,164321.0,2186.0,26.17894286462639
Lithuania     ,2021-03-01,485046.82377465867,4744.26315797523,37.825047061045
Lithuania     ,2021-04-01,821142.8317616779,8275.204294278088,46.28050843494366
Lithuania     ,2021-05-01,1127580.157374892,11990.497516256672,56.670744276625754
Lithuania     ,2021-06-01,1320961.2482168023,12451.418004416213,63.03269809992178
Lithuania     ,2021-07-01,1499130.3057318612,14842.972116458597,67.94748431089637
Lithuania     ,2021-08-01,1551125.9650428444,15513.894337745982,70.13386425695668
Lithuania     ,2021-09-01,1461984.9863806826,14362.209590423096,61.80583477044581
Lithuania     ,2021-10-01,1383628.8009007256,13937.598417186815,50.21023515443098
Lithuania     ,2021-11-01,1151031.767692252,11775.58689972456,37.99711389605578
Lithuania     ,2021-12-01,795870.1714255186,8218.010938810905,49.66041571656846
Lithuania     ,2022-01-01,321978.14285714284,457.42857142857144,36.98385621068663
Lithuania     ,2022-02-01,459599.4285714286,503.42857142857144,26.750761865366048
Lithuania     ,2022-03-01,27149.285714285717,70.71428571428571,21.666282274002533
Luxembourg    ,2020-01-01,29065.25238095238,313.67857142857144,26.70545077912064
Luxembourg    ,2020-02-01,18741.428571428572,191.57142857142856,37.24938148584293
Luxembourg    ,2020-03-01,665659.9740317806,6515.887568009022,47.91586310836896
Luxembourg    ,2020-04-01,1121402.6957414518,11109.376734696567,56.681425013853215
Luxembourg    ,2020-05-01,1347550.7420534708,13107.128337906332,63.29048119532627
Luxembourg    ,2020-06-01,1437013.096022606,14276.781875336257,68.7200788977214
Luxembourg    ,2020-07-01,1544326.6845015383,16017.101323451298,69.9707060731459
Luxembourg    ,2020-08-01,1496824.921927914,14799.70339392381,67.91655595658438
Luxembourg    ,2020-09-01,1337284.8190015724,12940.512632644051,63.88276470597483
Luxembourg    ,2020-10-01,1186765.1071336314,12053.634158987858,57.85607370466974
Luxembourg    ,2020-11-01,865690.6965657603,8064.46264375715,50.5296055119087
Luxembourg    ,2020-12-01,530375.7076828694,4993.680196484327,36.27947098440887
Luxembourg    ,2021-01-01,29752.57142857143,264.57142857142856,27.021608111554464
Luxembourg    ,2021-02-01,24076.0,168.0,26.07482987795201
Luxembourg    ,2021-03-01,439797.1885591742,4292.333186559048,36.80694348327929
Luxembourg    ,2021-04-01,804378.4227984396,7720.790095292947,47.21880591482008
Luxembourg    ,2021-05-01,1124872.2660294548,11506.07109624298,56.03783175682591
Luxembourg    ,2021-06-01,1325464.9606565782,12843.29625001004,62.29658528023062
Luxembourg    ,2021-07-01,1496389.7774942953,15070.096528936554,67.78660993744009
Luxembourg    ,2021-08-01,1546473.002380225,15426.998449664996,69.52164307744899
Luxembourg    ,2021-09-01,1442374.3948873978,14664.804940110234,67.51376174451923
Luxembourg    ,2021-10-01,1385366.1614572825,13511.130246797962,65.09358578972686
Luxembourg    ,2021-11-01,1144323.7353656737,11571.456222697618,56.68495880000092
Luxembourg    ,2021-12-01,781677.6755064308,7897.282588632999,41.67310027894316
Luxembourg    ,2022-01-01,108684.85714285714,119.57142857142857,35.4784466408813
Luxembourg    ,2022-02-01,46417.42857142857,147.14285714285714,28.779824236732058
Luxembourg    ,2022-03-01,6217.142857142857,12.857142857142858,22.724256000643937
Malta         ,2020-01-01,8407.314285714287,146.5547619047619,26.698716851443685
Malta         ,2020-02-01,5097.428571428572,83.14285714285714,37.64272112250049
Malta         ,2020-03-01,683153.0543934818,6650.0847027258005,47.749156252941845
Malta         ,2020-04-01,1106270.6813636029,11068.929954831377,56.13364004234794
Malta         ,2020-05-01,1372262.4631623311,13458.455297130637,63.050909054161224
Malta         ,2020-06-01,1456081.2537969896,14850.001503464611,68.958266282834
Malta         ,2020-07-01,1557288.5978028001,15597.592186303298,70.30005399478672
Malta         ,2020-08-01,1503861.8200133913,14865.15235807338,69.1646799425442
Malta         ,2020-09-01,1324970.8271798582,13187.822425057508,63.830482693304326
Malta         ,2020-10-01,1163581.3408931668,11847.324763323582,58.53888766526968
Malta         ,2020-11-01,866986.5486490354,8585.044109243032,46.30061658320214
Malta         ,2020-12-01,508228.9988382768,4995.559794420129,38.15412394697319
Malta         ,2021-01-01,24508.571428571428,137.14285714285714,27.30694090165601
Malta         ,2021-02-01,10319.0,86.0,26.084926580769984
Malta         ,2021-03-01,431148.6253272964,4415.657052823242,36.204451979731225
Malta         ,2021-04-01,818775.0673993955,7944.276932698522,46.46687646418297
Malta         ,2021-05-01,1126949.7061767478,11292.469732170352,57.04698027556798
Malta         ,2021-06-01,1317057.3163973258,13185.356225707672,63.07168896368997
Malta         ,2021-07-01,1501158.1107495185,14837.563727820536,68.97192628933304
Malta         ,2021-08-01,1526987.3974521416,15546.206896714846,68.53232672643627
Malta         ,2021-09-01,1464337.569804482,14382.730874260618,68.52928595801066
Malta         ,2021-10-01,1377365.7961985185,14084.775229524694,65.06173268289132
Malta         ,2021-11-01,1140566.79889017,11165.045814076682,58.68486045046128
Malta         ,2021-12-01,778596.7330200154,7290.153991528249,49.89224309178058
Malta         ,2022-01-01,29723.14285714286,132.85714285714286,37.95254877982465
Malta         ,2022-02-01,9973.714285714286,100.14285714285714,28.717577615095053
Malta         ,2022-03-01,945.7142857142857,5.7142857142857135,38.94350658697092
Netherlands   ,2020-01-01,662524.3428571429,7049.0,26.22392378160516
Netherlands   ,2020-02-01,226700.0,5411.0,37.89222482570435
Netherlands   ,2020-03-01,748551.3980421643,7463.138724559338,45.5630810212669
Netherlands   ,2020-04-01,1092721.8036389349,11372.168504096951,38.50375676083072
Netherlands   ,2020-05-01,1343995.4731585975,14279.297447912228,56.04888984595393
Netherlands   ,2020-06-01,1442731.9135731673,14612.358463551029,68.55867765153792
Netherlands   ,2020-07-01,1543083.9546965777,15277.735587852045,70.45076467412879
Netherlands   ,2020-08-01,1507351.3235872276,15248.172602958302,67.19405583193857
Netherlands   ,2020-09-01,1339936.2871516517,13066.97113220023,63.702481279864166
Netherlands   ,2020-10-01,1175659.866289267,11765.242595288826,57.008134433532675
Netherlands   ,2020-11-01,862290.8184438697,8195.176885289373,46.25771210800357
Netherlands   ,2020-12-01,631742.9284635602,5497.740699967293,36.808488041802036
Netherlands   ,2021-01-01,924131.5714285715,4137.428571428572,26.56564685536592
Netherlands   ,2021-02-01,1048968.0,3599.0,25.46629998482972
Netherlands   ,2021-03-01,687748.5416221911,4912.897344491415,36.79353764557648
Netherlands   ,2021-04-01,832606.8745356945,8220.924677136722,48.35690415829184
Netherlands   ,2021-05-01,1137959.2366303822,11371.014440168723,56.17926454151575
Netherlands   ,2021-06-01,1309702.191703374,12566.77098213242,63.347997609675
Netherlands   ,2021-07-01,1491044.5876382824,14629.381709193423,67.46483291456848
Netherlands   ,2021-08-01,1554399.2163405134,15596.415011275769,69.6418648525323
Netherlands   ,2021-09-01,1449628.1295260792,14041.76826918012,68.47276195861666
Netherlands   ,2021-10-01,1367018.3525353617,13709.41928319398,64.69587836726316
Netherlands   ,2021-11-01,1144980.3642930875,11425.567357500731,57.65499212933493
Netherlands   ,2021-12-01,1122613.1882054876,8045.466329951527,49.74837148819985
Netherlands   ,2022-01-01,2213234.1428571427,687.7142857142858,38.97487969336881
Netherlands   ,2022-02-01,2063053.1428571427,409.57142857142856,26.9912100598248
Netherlands   ,2022-03-01,274107.14285714284,65.71428571428571,23.356285827866877
Norway        ,2020-01-01,33274.333333333336,261.8642857142857,27.511828112386613
Norway        ,2020-02-01,20539.428571428572,219.0,38.89259621322367
Norway        ,2020-03-01,662698.0449993536,6779.382953315896,46.63204268113679
Norway        ,2020-04-01,1103552.1747150908,10965.826658103999,57.35396670238899
Norway        ,2020-05-01,1527465.252391364,15517.043117142564,54.648462687745436
Norway        ,2020-06-01,1458467.2724622064,14523.75241265392,67.94950405811218
Norway        ,2020-07-01,1538216.4721952563,15472.184005596482,70.85162180224926
Norway        ,2020-08-01,1508264.8737726375,14833.713351239716,68.64015959201313
Norway        ,2020-09-01,1318907.2069118554,13384.472897296282,64.19565806856578
Norway        ,2020-10-01,1158175.5275044062,11473.160429913107,56.75137783942063
Norway        ,2020-11-01,840228.1673904398,8531.912175599404,45.52785652948199
Norway        ,2020-12-01,472626.7746134015,5019.994649109351,37.43251073762001
Norway        ,2021-01-01,153854.7142857143,381.42857142857144,24.687749949789875
Norway        ,2021-02-01,127164.0,361.0,25.183427074923035
Norway        ,2021-03-01,499241.94982922863,4407.941817794284,36.257740698800106
Norway        ,2021-04-01,832639.4981076395,8270.492207085199,49.28192421196362
Norway        ,2021-05-01,1151209.4015294237,10991.520709801758,56.59686159308945
Norway        ,2021-06-01,1322886.535747252,12490.511024062967,62.178063053892856
Norway        ,2021-07-01,1490944.6925898707,15051.36539373191,68.61870656898343
Norway        ,2021-08-01,1549693.6628390406,15390.834429434042,71.3154127891955
Norway        ,2021-09-01,1455188.0615932182,14594.033617803836,67.90493227323527
Norway        ,2021-10-01,1393418.3129966883,13509.667589869585,64.19852416076549
Norway        ,2021-11-01,1135497.6425753778,10962.217424520457,58.48708040103138
Norway        ,2021-12-01,809199.1893436792,7733.08403709459,49.11351606622755
Norway        ,2022-01-01,476949.5714285714,1220.7142857142858,38.78663018226694
Norway        ,2022-02-01,471320.4285714286,494.85714285714283,27.70204635659947
Norway        ,2022-03-01,47988.571428571435,86.42857142857142,20.171789429764573
Poland        ,2020-01-01,695449.2785714286,17950.411904761906,25.038032466252762
Poland        ,2020-02-01,641233.2857142857,12410.571428571428,36.76971600115445
Poland        ,2020-03-01,787349.7949654114,10513.677080591193,47.73288419958303
Poland        ,2020-04-01,1117338.2359412147,10777.828384416503,49.825197866607915
Poland        ,2020-05-01,1370665.811511174,13490.845020705292,51.35248078309651
Poland        ,2020-06-01,1456482.6814572685,14591.383282103323,69.70854117905053
Poland        ,2020-07-01,1541880.6895447422,15596.535195811835,68.91509981729682
Poland        ,2020-08-01,1496413.9950085352,15127.639020510207,69.27664215943716
Poland        ,2020-09-01,1315687.1889004223,12696.288303151987,65.20089459256205
Poland        ,2020-10-01,1162778.7817810888,11381.620009552333,58.977673031688326
Poland        ,2020-11-01,865675.0132458132,8909.189738554174,48.11907520048166
Poland        ,2020-12-01,668014.8740171774,8744.221136288703,36.283781723716075
Poland        ,2021-01-01,1347745.5714285714,29636.23999999999,26.879277903160165
Poland        ,2021-02-01,1035420.0,26827.119999999995,25.248938946776047
Poland        ,2021-03-01,730726.582079128,10531.365861591847,39.57655724984971
Poland        ,2021-04-01,818947.7291657603,8896.708546637417,47.75296347115472
Poland        ,2021-05-01,1129692.2975832834,11437.63054383201,56.202832469943104
Poland        ,2021-06-01,1291148.5469920596,13460.347767404506,62.438071799977344
Poland        ,2021-07-01,1477320.2834551428,15234.04764801294,69.29823423310417
Poland        ,2021-08-01,1532248.2264637598,15757.727711890393,68.82965768880138
Poland        ,2021-09-01,1463650.1743646085,15002.724798345464,68.24859462071706
Poland        ,2021-10-01,1394320.1527976114,13882.541926836137,64.40654423533736
Poland        ,2021-11-01,1158121.3252301926,11191.84830982291,57.82579018727949
Poland        ,2021-12-01,828007.6748359123,8270.372140247899,49.778129088954685
Poland        ,2022-01-01,984765.5714285714,10374.42857142857,39.741410740106616
Poland        ,2022-02-01,800338.7142857143,6596.571428571428,27.360091697448812
Poland        ,2022-03-01,59437.857142857145,930.7142857142857,21.265495401803996
Portugal      ,2020-01-01,248051.9523809524,4659.933333333333,25.06825631678269
Portugal      ,2020-02-01,178079.2857142857,3014.4285714285716,36.42049768870306
Portugal      ,2020-03-01,705170.189575126,7887.06305119261,46.012796848194
Portugal      ,2020-04-01,1122000.156703509,10948.070403855418,57.283742335034994
Portugal      ,2020-05-01,1362620.0862483268,13639.23458270101,61.97210191866272
Portugal      ,2020-06-01,1408230.5551007553,14496.717673584351,56.79988626341902
Portugal      ,2020-07-01,1541325.8835903048,15675.307949117232,56.55345116488943
Portugal      ,2020-08-01,1517395.1738080087,14934.945150608513,68.9447538692978
Portugal      ,2020-09-01,1334408.941711049,13128.036675176736,63.489401748862875
Portugal      ,2020-10-01,1186235.4178365793,11840.867866615474,59.2254456851885
Portugal      ,2020-11-01,872584.7057871786,8875.897359410084,49.40960427460774
Portugal      ,2020-12-01,559867.1008515144,5170.408481673344,37.663885567701136
Portugal      ,2021-01-01,641511.1428571428,6717.142857142857,26.162112224260575
Portugal      ,2021-02-01,279637.0,4357.0,26.046575252880608
Portugal      ,2021-03-01,501946.7578255454,4726.061787673551,35.50861192738319
Portugal      ,2021-04-01,819770.4943133028,8358.336393375705,46.58282981859252
Portugal      ,2021-05-01,1137516.5380217,11525.809020722067,56.162387260090675
Portugal      ,2021-06-01,1325667.4154340802,13125.143268430336,62.112940079331345
Portugal      ,2021-07-01,1477102.3666179166,15163.783123888265,68.54979968650643
Portugal      ,2021-08-01,1543727.637529961,15392.236636805203,69.29032023338361
Portugal      ,2021-09-01,1453850.0284973935,14497.903104471448,69.03506737164554
Portugal      ,2021-10-01,1363188.3253870248,13780.011909870236,64.41326151085157
Portugal      ,2021-11-01,1126434.2895797873,11435.004584623919,58.195271791121144
Portugal      ,2021-12-01,967534.7598110276,8079.015007824817,49.99286068772153
Portugal      ,2022-01-01,2159326.2857142854,2447.8571428571427,39.41173008232857
Portugal      ,2022-02-01,959208.0,1662.857142857143,28.117547029748604
Portugal      ,2022-03-01,173688.57142857142,246.42857142857142,22.431469335695972
Romania       ,2020-01-01,398623.90476190473,11570.316666666666,25.71804229459
Romania       ,2020-02-01,281580.71428571426,7633.857142857143,38.03999431103598
Romania       ,2020-03-01,748700.4189291424,8627.238538535714,48.70110915627853
Romania       ,2020-04-01,1122048.088246108,11090.43181692843,56.15718587758521
Romania       ,2020-05-01,1347027.4807200516,13399.930269083525,64.03956982904123
Romania       ,2020-06-01,1459690.1418922667,14670.8425364528,68.23509614030178
Romania       ,2020-07-01,1566243.6848595156,16154.819494235258,70.77470941582945
Romania       ,2020-08-01,1494446.4401495731,14973.538399364206,63.2335303978709
Romania       ,2020-09-01,1331177.7182852463,13549.653219188524,47.25697456186573
Romania       ,2020-10-01,1167275.6830195053,11914.106784362044,57.698185874550695
Romania       ,2020-11-01,867308.2373947991,8349.04318387428,47.4908913765004
Romania       ,2020-12-01,592600.1691233643,7795.17096617444,37.08895221796313
Romania       ,2021-01-01,662634.8571428572,21923.0,26.706411879201383
Romania       ,2021-02-01,311334.0,13445.0,25.441515888838087
Romania       ,2021-03-01,541470.0295226589,7487.674756609607,38.1996406717735
Romania       ,2021-04-01,835128.7909556598,8166.775857083409,47.479998377495306
Romania       ,2021-05-01,1129012.223643699,11302.74874544622,56.05765874921795
Romania       ,2021-06-01,1295113.396024018,12919.511615406087,63.58293735605026
Romania       ,2021-07-01,1480191.3215801003,14726.728062200904,68.40193085970687
Romania       ,2021-08-01,1542491.0078654077,15292.206177014152,69.10941051688371
Romania       ,2021-09-01,1443364.5179948513,14823.176049642014,67.7850646007754
Romania       ,2021-10-01,1403138.3269987912,14114.248158706472,64.00702550149418
Romania       ,2021-11-01,1144385.1401187375,11074.285920088072,58.05571336396806
Romania       ,2021-12-01,796699.363693553,7989.144323641368,48.539069301507034
Romania       ,2022-01-01,535640.4285714285,2258.1428571428573,40.83642213626073
Romania       ,2022-02-01,509573.0,3733.285714285714,27.851230585434227
Romania       ,2022-03-01,29187.14285714286,403.57142857142856,25.438578215114923
Slovakia      ,2020-01-01,258167.1761904762,1999.0,27.084997986906014
Slovakia      ,2020-02-01,64109.857142857145,643.5714285714286,37.3244211672533
Slovakia      ,2020-03-01,706776.0338519061,6879.274289857628,47.02665067945441
Slovakia      ,2020-04-01,1117056.8914533027,11128.758130801467,56.90121433377085
Slovakia      ,2020-05-01,1362269.6228842447,13568.219551613955,64.35344089870279
Slovakia      ,2020-06-01,1439064.5971779455,14683.624893499236,69.09340569687083
Slovakia      ,2020-07-01,1556285.812373136,15602.324627023907,69.99740152145057
Slovakia      ,2020-08-01,1480996.803097517,14876.833769097348,70.09200225426159
Slovakia      ,2020-09-01,1318721.577244855,13405.029212380485,56.649666288401775
Slovakia      ,2020-10-01,1165054.3344001041,11247.263397894492,57.533065407930046
Slovakia      ,2020-11-01,845544.1537906027,8627.27526374998,39.28850459956463
Slovakia      ,2020-12-01,552746.791025036,6429.367882117147,34.35030245746316
Slovakia      ,2021-01-01,444640.4285714286,6254.714285714285,26.981092245438926
Slovakia      ,2021-02-01,490073.0,5690.0,26.4010672498781
Slovakia      ,2021-03-01,531201.6255362872,6283.033372299895,35.156532528641534
Slovakia      ,2021-04-01,825446.3519248016,8422.712950727828,48.717351256510455
Slovakia      ,2021-05-01,1128312.4382825696,11740.96871486489,56.53841465655019
Slovakia      ,2021-06-01,1306395.527880591,13132.950013562364,63.37213070362482
Slovakia      ,2021-07-01,1495871.0828873334,14956.229253406218,67.52310738571659
Slovakia      ,2021-08-01,1569073.665077409,15729.2073686533,68.79808046144052
Slovakia      ,2021-09-01,1444750.9984092033,14485.402236813788,69.01886196549255
Slovakia      ,2021-10-01,1390825.8614078658,13959.377769551325,65.23321909840051
Slovakia      ,2021-11-01,1164315.6439801995,11572.486684132085,58.27376189298297
Slovakia      ,2021-12-01,840472.3075890876,8512.095690437185,50.165106087814465
Slovakia      ,2022-01-01,457461.2857142857,1889.0,38.26197615167957
Slovakia      ,2022-02-01,577437.2857142857,1040.857142857143,27.389026538227274
Slovakia      ,2022-03-01,61902.142857142855,203.57142857142858,24.432442217896615
Slovenia      ,2020-01-01,87709.59285714285,2036.0833333333333,27.1369940449384
Slovenia      ,2020-02-01,44267.57142857143,1206.142857142857,35.3157873547206
Slovenia      ,2020-03-01,702107.495444543,7325.942472901225,47.14735932872827
Slovenia      ,2020-04-01,1108826.0521561578,10925.959400355261,56.87459287329519
Slovenia      ,2020-05-01,1365225.7289654375,13658.271553053748,64.65736048871626
Slovenia      ,2020-06-01,1454970.4123295837,14241.766266099396,67.39877291246019
Slovenia      ,2020-07-01,1548980.117749798,15359.29635220706,68.20870160987579
Slovenia      ,2020-08-01,1494599.34071764,14366.168751100186,67.69772088583916
Slovenia      ,2020-09-01,1336997.779897986,13419.954220480853,65.51094665879272
Slovenia      ,2020-10-01,1173042.0372770806,11640.744857717194,56.5530669115595
Slovenia      ,2020-11-01,842964.3199242997,8581.443655728475,49.33346058295282
Slovenia      ,2020-12-01,510986.47196760616,5352.680956339695,36.07875601030169
Slovenia      ,2021-01-01,163300.7142857143,1492.5714285714287,27.14896978797529
Slovenia      ,2021-02-01,140904.0,1179.0,29.705008508028424
Slovenia      ,2021-03-01,454504.2096297049,4591.7212729740695,34.06492089799047
Slovenia      ,2021-04-01,824109.7438181664,8901.282050388541,40.45533863601762
Slovenia      ,2021-05-01,1145488.8381103557,11554.748313106955,54.62358880448515
Slovenia      ,2021-06-01,1297768.5365740638,13114.247528577429,64.94491482062973
Slovenia      ,2021-07-01,1498861.027186742,15004.030918655642,68.05107714375433
Slovenia      ,2021-08-01,1544934.4319580044,15992.583684424728,70.52750213009004
Slovenia      ,2021-09-01,1454084.3787185452,14555.130793670616,69.47833001334384
Slovenia      ,2021-10-01,1369221.1540200992,13195.134737191243,65.6193084411148
Slovenia      ,2021-11-01,1133498.07023068,11456.219943971402,59.144138738019755
Slovenia      ,2021-12-01,797292.6735798757,7433.0684005697,49.684514691094435
Slovenia      ,2022-01-01,337513.7142857143,621.0,38.15488294189382
Slovenia      ,2022-02-01,197618.14285714287,851.7142857142858,28.125617535610814
Slovenia      ,2022-03-01,11140.714285714286,93.57142857142858,22.84380618456342
Spain         ,2020-01-01,1279577.8238095238,28491.236666666657,26.679721914614024
Spain         ,2020-02-01,801862.2857142857,24786.72571428571,37.894923567124415
Spain         ,2020-03-01,815880.1111633589,10364.733615089308,48.23577947685928
Spain         ,2020-04-01,1120449.3455496947,10997.147319056987,57.64172606091344
Spain         ,2020-05-01,1339515.2611389246,13786.872774169473,65.20350032156246
Spain         ,2020-06-01,1437685.8455803983,14243.25982478268,68.33408545403053
Spain         ,2020-07-01,1567134.9243577193,15143.458884533267,67.99677020278769
Spain         ,2020-08-01,1514079.3583780483,14778.666059956,68.57860989253453
Spain         ,2020-09-01,1326299.503315918,12748.443440685174,64.80463405906157
Spain         ,2020-10-01,1170917.2022350724,11279.61912682051,58.04389160037979
Spain         ,2020-11-01,871573.7886651289,8791.81071721456,48.20643387240698
Spain         ,2020-12-01,785666.2632290625,6219.92781515358,37.79974881384211
Spain         ,2021-01-01,2781316.679999998,19505.714285714286,27.407825120819673
Spain         ,2021-02-01,1232709.0,13606.0,25.838711119178498
Spain         ,2021-03-01,806095.8132205682,6933.88267358157,35.587334165086894
Spain         ,2021-04-01,805324.4367747294,8407.164205485435,45.738953572801215
Spain         ,2021-05-01,1135589.2639002255,11312.5687095229,44.692298514045724
Spain         ,2021-06-01,1325026.5021423243,13303.698286032,49.444251738048926
Spain         ,2021-07-01,1488801.5109513116,15433.959245810805,68.23780041569137
Spain         ,2021-08-01,1536940.8145815022,15336.751484295935,69.70691652979858
Spain         ,2021-09-01,1454829.3491683751,14303.827150226061,69.10804552397393
Spain         ,2021-10-01,1375383.699041454,13535.573571377232,64.79130592184136
Spain         ,2021-11-01,1162854.475053447,11191.186408293113,59.1928343952752
Spain         ,2021-12-01,929436.275321636,8500.6698592417,47.36893754854135
Spain         ,2022-01-01,3780056.9314285666,7892.571428571428,37.717268551075975
Spain         ,2022-02-01,1279194.857142857,5938.857142857143,25.94841321927053
Spain         ,2022-03-01,165172.14285714287,721.4285714285713,20.391254151022242
Sweden        ,2020-01-01,326534.9976190476,6200.202380952381,27.55614804359546
Sweden        ,2020-02-01,169291.2857142857,4183.0,37.62370427428878
Sweden        ,2020-03-01,722005.7867031961,8100.0210483814335,48.21668294517646
Sweden        ,2020-04-01,1113226.797134495,12005.861835772319,55.71916854388042
Sweden        ,2020-05-01,1341931.4178237931,13423.45148627226,64.50183662733781
Sweden        ,2020-06-01,1463148.9613306152,14639.719957784917,68.65596389059242
Sweden        ,2020-07-01,1558760.8172873503,15753.509554760461,70.3346490084801
Sweden        ,2020-08-01,1502109.5861147272,15067.208107645934,67.46823164276569
Sweden        ,2020-09-01,1322415.6560420336,13675.056783132362,64.84760637508134
Sweden        ,2020-10-01,1159593.0171502454,11844.404799479096,56.96501866381666
Sweden        ,2020-11-01,845273.3935320042,8675.41637725981,48.694672015423315
Sweden        ,2020-12-01,566278.8016685917,4856.775710907974,38.95411317962588
Sweden        ,2021-01-01,451818.0,3223.1428571428573,27.09883565467053
Sweden        ,2021-02-01,308864.0,1583.0,26.67635308623406
Sweden        ,2021-03-01,518491.8701838551,4588.661970206638,38.88954767929018
Sweden        ,2021-04-01,824178.5820064363,8092.514806430143,45.92027723016725
Sweden        ,2021-05-01,1140377.6984890548,11109.855617178762,56.93065750103917
Sweden        ,2021-06-01,1289781.9341815556,13471.946619847738,63.77855024361795
Sweden        ,2021-07-01,1503027.5038069796,14818.995322055096,54.63543279881499
Sweden        ,2021-08-01,1543206.7725966498,15384.33398685186,70.50761473107832
Sweden        ,2021-09-01,1459403.380090754,14509.064241215085,70.65465365881896
Sweden        ,2021-10-01,1398198.6333232108,13544.010435431463,65.38787484616338
Sweden        ,2021-11-01,1126867.2921866514,11597.648192847351,57.36493849153692
Sweden        ,2021-12-01,772162.1415882291,7875.309674697816,50.26117900801244
Sweden        ,2022-01-01,870781.1428571428,1610.2857142857142,37.355779381712495
Sweden        ,2022-02-01,272769.5714285714,1606.0,27.078884513840574
Sweden        ,2022-03-01,10143.57142857143,216.42857142857142,22.445134701406154
